{"cameraMode":{"drawMode":0,"name":"Shaded","section":"Shading Mode"},"sceneLighting":true,"audioPlay":false,"sceneViewState":{"showFog":true,"showMaterialUpdate":false,"showSkybox":true,"showFlares":true,"showImageEffects":true,"showParticleSystems":true,"showVisualEffectGraphs":true,"m_FxEnabled":true},"in2DMode":false,"pivot":{"x":-1.954933762550354,"y":-3.8098201751708986,"z":1.9431257247924805},"rotation":{"x":0.47785454988479617,"y":-0.018426116555929185,"z":0.01010283175855875,"w":0.8782351613044739},"size":13.608617782592774,"orthographic":false}